date,month,region,total_sites,active_incidents,critical_incidents,open_tickets,affected_customers,sla_achievement,avg_latency_ms,packet_loss_rate,technician_utilization,customer_satisfaction
2026-01-01,2026-01,Jakarta,25,0,0,1,0,98.577,36.74,0.083,58.51,3.66
2026-01-01,2026-01,Bandung,25,0,0,0,0,98.297,41.15,0.34,67.12,4.34
2026-01-01,2026-01,Surabaya,25,0,0,0,0,98.611,27.06,0.63,73.22,3.74
2026-01-01,2026-01,Medan,25,0,1,0,251,98.813,27.86,0.598,79.59,4.95
2026-01-01,2026-01,Makassar,25,0,0,1,17,98.787,41.77,0.688,73.41,4.39
2026-01-01,2026-01,Semarang,25,0,0,1,0,99.128,24.37,0.27,72.36,4.8
2026-01-01,2026-01,Yogyakarta,25,0,0,2,596,99.192,40.29,0.923,66.82,4.25
2026-01-01,2026-01,Denpasar,25,0,0,1,0,99.068,21.87,1.12,54.33,3.96
2026-01-01,2026-01,Palembang,25,0,0,0,0,98.7,22.67,0.242,69.35,4.1
2026-01-01,2026-01,Balikpapan,25,0,0,0,0,98.255,45.75,0.054,74.85,4.39
2026-01-08,2026-01,Jakarta,25,0,0,6,65,98.825,28.64,0.316,55.8,4.32
2026-01-08,2026-01,Bandung,25,0,0,4,93,98.348,38.49,0.461,68.71,4.14
2026-01-08,2026-01,Surabaya,25,0,0,2,0,99.173,14.01,0.276,73.45,4.06
2026-01-08,2026-01,Medan,25,0,0,2,0,98.471,31.04,0.765,63.09,3.77
2026-01-08,2026-01,Makassar,25,0,0,5,165,98.413,41.06,0.634,71.17,3.86
2026-01-08,2026-01,Semarang,25,1,0,5,0,98.719,43.55,0.865,64.56,3.82
2026-01-08,2026-01,Yogyakarta,25,0,0,4,0,99.18,26.88,0.619,69.39,4.05
2026-01-08,2026-01,Denpasar,25,0,0,3,329,99.088,21.82,0.564,68.97,3.82
2026-01-08,2026-01,Palembang,25,1,0,3,0,98.852,27.62,0.61,73.69,3.36
2026-01-08,2026-01,Balikpapan,25,0,0,3,0,98.438,35.62,0.399,68.93,4.34
2026-01-15,2026-01,Jakarta,25,0,1,7,620,98.438,18.37,0.156,77.1,4.07
2026-01-15,2026-01,Bandung,25,0,1,8,1166,98.953,39.1,0.658,73.52,4.82
2026-01-15,2026-01,Surabaya,25,0,0,4,0,99.143,30.98,0.575,75.4,4.13
2026-01-15,2026-01,Medan,25,1,0,8,17,99.174,24.55,0.855,69.05,4.03
2026-01-15,2026-01,Makassar,25,0,0,5,0,98.225,30.24,0.804,76.68,4.09
2026-01-15,2026-01,Semarang,25,1,0,7,0,98.434,41.56,0.01,63.05,4.03
2026-01-15,2026-01,Yogyakarta,25,0,0,6,0,99.208,37.33,0.521,72.58,3.82
2026-01-15,2026-01,Denpasar,25,0,0,5,0,99.355,41.23,0.533,70.82,4.37
2026-01-15,2026-01,Palembang,25,1,0,6,0,98.618,32.82,0.37,84.93,4.56
2026-01-15,2026-01,Balikpapan,25,0,0,10,0,98.366,24.63,0.522,63.71,4.68
2026-01-22,2026-01,Jakarta,25,0,0,10,0,98.092,23.94,0.731,77.6,3.82
2026-01-22,2026-01,Bandung,25,0,0,15,71,98.589,29.29,0.675,75.15,4.48
2026-01-22,2026-01,Surabaya,25,1,0,7,0,98.358,24.03,0.82,49.24,3.83
2026-01-22,2026-01,Medan,25,1,0,14,0,98.539,28.25,0.989,69.82,4.38
2026-01-22,2026-01,Makassar,25,0,0,18,25,98.628,44.53,1.07,66.1,4.33
2026-01-22,2026-01,Semarang,25,1,0,13,27,98.576,43.0,0.743,60.04,4.92
2026-01-22,2026-01,Yogyakarta,25,1,1,8,1501,98.719,41.36,1.148,51.82,4.31
2026-01-22,2026-01,Denpasar,25,1,0,11,0,98.362,38.32,0.679,75.94,4.32
2026-01-22,2026-01,Palembang,25,2,0,7,79,98.642,39.86,1.125,70.75,4.52
2026-01-22,2026-01,Balikpapan,25,0,0,15,0,99.414,23.88,1.044,73.27,3.96
2026-01-29,2026-01,Jakarta,25,0,0,14,70,98.526,29.75,0.545,74.72,4.19
2026-01-29,2026-01,Bandung,25,0,0,19,117,98.134,26.34,1.122,76.73,3.66
2026-01-29,2026-01,Surabaya,25,1,0,13,0,98.811,45.94,0.956,81.56,4.27
2026-01-29,2026-01,Medan,25,2,0,17,141,98.495,29.1,0.244,69.27,4.19
2026-01-29,2026-01,Makassar,25,0,0,20,0,97.68,19.02,0.242,69.64,4.03
2026-01-29,2026-01,Semarang,25,1,0,19,0,98.411,33.99,0.192,67.06,4.41
2026-01-29,2026-01,Yogyakarta,25,2,0,16,672,98.034,50.44,0.889,59.93,4.16
2026-01-29,2026-01,Denpasar,25,1,0,14,0,98.642,21.2,0.401,73.82,3.59
2026-01-29,2026-01,Palembang,25,2,0,11,0,99.487,47.69,0.764,62.04,3.98
2026-01-29,2026-01,Balikpapan,25,0,0,18,0,98.904,21.87,1.041,82.86,3.98
2026-02-05,2026-02,Jakarta,25,0,0,19,212,98.511,33.94,0.119,65.48,4.15
2026-02-05,2026-02,Bandung,25,0,0,25,0,98.486,35.57,0.903,66.05,4.42
2026-02-05,2026-02,Surabaya,25,1,0,18,0,99.244,46.37,1.061,59.56,4.58
2026-02-05,2026-02,Medan,25,2,0,18,765,98.802,33.7,0.418,67.38,3.91
2026-02-05,2026-02,Makassar,25,0,0,25,54,99.101,40.46,0.783,71.48,4.1
2026-02-05,2026-02,Semarang,25,2,0,21,248,98.43,29.67,0.616,70.56,3.98
2026-02-05,2026-02,Yogyakarta,25,2,0,17,0,98.17,38.4,0.504,71.6,3.95
2026-02-05,2026-02,Denpasar,25,1,0,19,0,98.183,23.34,0.617,60.0,4.05
2026-02-05,2026-02,Palembang,25,2,0,15,107,98.715,26.16,0.753,65.66,4.28
2026-02-05,2026-02,Balikpapan,25,0,0,22,164,98.544,37.1,0.01,68.25,3.73
2026-02-12,2026-02,Jakarta,25,2,0,24,0,98.782,47.79,0.881,62.5,4.18
2026-02-12,2026-02,Bandung,25,0,0,28,0,99.155,35.03,0.545,62.59,4.28
2026-02-12,2026-02,Surabaya,25,1,0,21,35,98.041,19.18,0.01,65.23,4.4
2026-02-12,2026-02,Medan,25,2,0,25,0,98.267,41.26,0.429,71.67,4.76
2026-02-12,2026-02,Makassar,25,0,0,27,0,98.482,52.56,0.782,66.09,4.28
2026-02-12,2026-02,Semarang,25,2,0,22,0,98.957,29.12,0.01,67.63,4.36
2026-02-12,2026-02,Yogyakarta,25,3,0,20,0,99.369,33.63,0.174,73.12,4.27
2026-02-12,2026-02,Denpasar,25,1,0,29,0,97.997,30.79,0.354,70.49,4.3
2026-02-12,2026-02,Palembang,25,3,0,21,0,99.417,25.09,0.791,79.87,3.61
2026-02-12,2026-02,Balikpapan,25,0,0,24,276,98.778,31.42,0.01,73.64,3.99
2026-02-19,2026-02,Jakarta,25,2,0,25,0,99.162,39.14,0.841,58.46,3.7
2026-02-19,2026-02,Bandung,25,1,0,32,0,98.46,22.47,0.583,77.61,4.31
2026-02-19,2026-02,Surabaya,25,1,0,25,0,99.184,31.8,1.229,60.49,4.47
2026-02-19,2026-02,Medan,25,2,0,28,0,98.398,47.44,0.436,62.27,4.52
2026-02-19,2026-02,Makassar,25,0,0,30,0,98.464,21.04,0.01,59.09,4.26
2026-02-19,2026-02,Semarang,25,2,0,29,123,99.29,36.01,0.882,66.78,3.85
2026-02-19,2026-02,Yogyakarta,25,3,0,25,511,99.179,45.59,0.602,89.44,4.88
2026-02-19,2026-02,Denpasar,25,2,0,29,0,99.149,36.31,0.927,70.87,4.26
2026-02-19,2026-02,Palembang,25,3,1,24,812,98.845,33.74,0.281,87.51,3.67
2026-02-19,2026-02,Balikpapan,25,2,0,27,0,98.684,30.21,0.863,64.64,4.15
2026-02-26,2026-02,Jakarta,25,2,0,29,132,98.65,24.08,1.002,63.08,4.24
2026-02-26,2026-02,Bandung,25,1,0,34,0,98.71,30.5,0.504,64.55,4.29
2026-02-26,2026-02,Surabaya,25,1,0,33,56,99.25,30.89,0.812,77.45,3.69
2026-02-26,2026-02,Medan,25,2,0,29,0,98.556,30.11,0.01,69.23,4.71
2026-02-26,2026-02,Makassar,25,1,0,36,0,98.801,39.96,0.248,68.57,3.91
2026-02-26,2026-02,Semarang,25,2,0,33,0,98.896,34.7,0.794,61.5,4.38
2026-02-26,2026-02,Yogyakarta,25,3,0,32,0,98.94,32.15,1.176,74.74,4.16
2026-02-26,2026-02,Denpasar,25,3,0,31,31,99.09,35.02,0.417,69.52,3.99
2026-02-26,2026-02,Palembang,25,3,0,29,147,98.675,51.16,0.01,72.57,4.76
2026-02-26,2026-02,Balikpapan,25,2,0,33,28,98.275,22.84,0.355,69.88,4.73
2026-03-05,2026-03,Jakarta,25,2,0,31,0,99.027,39.19,1.107,70.14,3.84
2026-03-05,2026-03,Bandung,25,1,0,37,0,98.929,19.41,0.261,74.22,4.25
2026-03-05,2026-03,Surabaya,25,2,0,36,0,98.032,33.84,0.01,60.67,3.89
2026-03-05,2026-03,Medan,25,2,0,33,0,97.225,12.35,0.119,72.1,4.33
2026-03-05,2026-03,Makassar,25,1,0,44,0,99.522,40.19,1.018,67.28,3.42
2026-03-05,2026-03,Semarang,25,3,0,40,0,99.101,41.05,0.882,78.02,4.8
2026-03-05,2026-03,Yogyakarta,25,3,0,35,0,98.326,31.14,0.01,61.26,5
2026-03-05,2026-03,Denpasar,25,4,0,37,616,98.685,37.9,0.678,73.54,4.74
2026-03-05,2026-03,Palembang,25,4,0,32,0,98.779,41.36,0.581,73.8,3.74
2026-03-05,2026-03,Balikpapan,25,3,0,36,25,98.596,27.51,1.054,65.12,4.48
2026-03-12,2026-03,Jakarta,25,2,0,35,0,95.711,78.61,2.523,81.93,3.42
2026-03-12,2026-03,Bandung,25,1,0,40,0,99.441,36.02,0.491,68.18,4.12
2026-03-12,2026-03,Surabaya,25,3,0,43,20,99.099,33.96,0.29,73.76,4.29
2026-03-12,2026-03,Medan,25,2,0,35,72,99.032,39.61,0.226,67.63,3.77
2026-03-12,2026-03,Makassar,25,1,0,48,33,98.101,29.2,0.566,68.1,4.29
2026-03-12,2026-03,Semarang,25,4,0,47,56,98.57,16.64,0.332,68.57,3.56
2026-03-12,2026-03,Yogyakarta,25,4,1,42,565,98.922,40.17,0.511,65.52,4.19
2026-03-12,2026-03,Denpasar,25,4,0,42,0,98.106,35.35,0.34,76.79,4.55
2026-03-12,2026-03,Palembang,25,4,0,36,0,98.522,31.58,0.353,62.27,4.45
2026-03-12,2026-03,Balikpapan,25,4,0,38,32,98.482,37.3,0.803,75.54,3.9
2026-03-19,2026-03,Jakarta,25,4,0,41,0,97.213,82.29,2.755,78.28,3.32
2026-03-19,2026-03,Bandung,25,1,0,42,0,98.581,42.63,0.416,62.91,4.38
2026-03-19,2026-03,Surabaya,25,4,0,47,160,99.721,23.42,0.629,73.87,3.77
2026-03-19,2026-03,Medan,25,2,0,41,131,98.518,26.24,0.423,69.63,3.79
2026-03-19,2026-03,Makassar,25,1,0,52,0,97.79,25.89,0.115,71.6,3.95
2026-03-19,2026-03,Semarang,25,5,0,52,0,99.257,32.01,0.419,80.79,4.82
2026-03-19,2026-03,Yogyakarta,25,4,0,45,0,98.72,49.8,1.053,63.91,4.94
2026-03-19,2026-03,Denpasar,25,5,0,48,435,98.927,38.91,0.451,62.08,4.53
2026-03-19,2026-03,Palembang,25,4,0,44,0,98.143,38.18,0.261,70.33,4.21
2026-03-19,2026-03,Balikpapan,25,4,0,41,79,98.128,17.12,1.107,57.02,4.11
2026-03-26,2026-03,Jakarta,25,4,0,44,51,96.006,84.47,2.182,87.54,3.26
2026-03-26,2026-03,Bandung,25,1,0,45,0,99.071,22.92,1.134,63.44,4.37
2026-03-26,2026-03,Surabaya,25,4,0,50,522,98.553,28.14,0.616,68.88,3.92
2026-03-26,2026-03,Medan,25,2,0,45,17,98.901,44.81,1.125,71.96,4.04
2026-03-26,2026-03,Makassar,25,1,0,59,101,98.689,45.87,0.237,69.94,3.81
2026-03-26,2026-03,Semarang,25,5,0,55,0,98.768,19.06,0.682,60.35,3.73
2026-03-26,2026-03,Yogyakarta,25,4,0,49,455,99.212,31.34,0.01,64.52,3.81
2026-03-26,2026-03,Denpasar,25,6,0,54,0,98.642,29.82,0.578,69.98,4.25
2026-03-26,2026-03,Palembang,25,5,0,46,0,99.569,30.23,1.168,71.81,4.07
2026-03-26,2026-03,Balikpapan,25,5,0,44,167,99.361,24.91,1.046,68.04,4.84
2026-04-02,2026-04,Jakarta,25,4,0,45,163,98.946,32.85,0.543,70.31,4.06
2026-04-02,2026-04,Bandung,25,1,0,50,0,98.506,24.56,0.441,81.01,4.19
2026-04-02,2026-04,Surabaya,25,4,0,54,37,98.106,50.45,0.01,73.0,4.12
2026-04-02,2026-04,Medan,25,2,0,49,0,98.833,32.14,0.384,66.17,3.67
2026-04-02,2026-04,Makassar,25,1,0,63,129,98.658,33.82,0.386,70.41,4.23
2026-04-02,2026-04,Semarang,25,5,0,59,498,98.423,24.58,0.44,72.42,4.42
2026-04-02,2026-04,Yogyakarta,25,4,0,53,66,97.786,34.61,0.318,71.08,3.51
2026-04-02,2026-04,Denpasar,25,7,0,65,32,97.902,52.65,0.685,72.84,4.84
2026-04-02,2026-04,Palembang,25,6,0,49,0,98.586,24.77,0.01,67.55,4.16
2026-04-02,2026-04,Balikpapan,25,5,0,48,0,98.493,16.38,0.48,68.8,4.95
2026-04-09,2026-04,Jakarta,25,4,0,54,79,98.935,36.39,0.491,69.83,4.43
2026-04-09,2026-04,Bandung,25,1,0,57,0,98.71,35.02,0.915,67.68,4.25
2026-04-09,2026-04,Surabaya,25,4,0,56,243,98.409,32.39,0.317,80.01,3.89
2026-04-09,2026-04,Medan,25,3,0,52,0,98.155,30.44,0.761,75.76,4.2
2026-04-09,2026-04,Makassar,25,1,0,67,0,98.204,29.7,0.952,66.79,4.03
2026-04-09,2026-04,Semarang,25,5,0,59,0,98.569,46.18,0.742,79.68,3.62
2026-04-09,2026-04,Yogyakarta,25,4,0,56,0,98.622,43.88,0.443,68.25,4.48
2026-04-09,2026-04,Denpasar,25,7,0,69,57,98.932,19.53,0.384,69.21,3.95
2026-04-09,2026-04,Palembang,25,6,0,54,0,98.045,30.79,0.167,79.39,4.4
2026-04-09,2026-04,Balikpapan,25,5,0,52,106,98.917,47.64,0.917,63.72,4.12
2026-04-16,2026-04,Jakarta,25,4,0,61,43,98.787,36.63,0.698,67.06,4.4
2026-04-16,2026-04,Bandung,25,1,0,60,63,98.748,33.23,0.344,55.76,4.14
2026-04-16,2026-04,Surabaya,25,4,0,63,134,97.458,36.82,0.01,52.57,3.9
2026-04-16,2026-04,Medan,25,4,0,53,0,98.841,41.19,0.165,77.46,4.99
2026-04-16,2026-04,Makassar,25,1,0,68,41,98.046,27.13,0.364,77.15,4.13
2026-04-16,2026-04,Semarang,25,6,0,65,20,98.696,18.34,0.447,69.73,3.45
2026-04-16,2026-04,Yogyakarta,25,4,0,56,0,98.95,26.83,0.633,59.95,4.14
2026-04-16,2026-04,Denpasar,25,8,0,72,156,98.43,30.12,0.434,76.31,4.14
2026-04-16,2026-04,Palembang,25,6,0,57,0,98.583,52.09,0.01,76.26,4.11
2026-04-16,2026-04,Balikpapan,25,6,0,56,81,99.225,25.88,1.064,69.54,3.7
2026-04-23,2026-04,Jakarta,25,5,0,65,0,99.09,28.07,0.292,74.13,4.74
2026-04-23,2026-04,Bandung,25,1,0,67,0,98.416,41.9,0.763,70.44,4.69
2026-04-23,2026-04,Surabaya,25,4,0,68,211,98.754,21.16,0.794,72.38,4.29
2026-04-23,2026-04,Medan,25,4,0,61,405,98.396,44.79,0.63,67.02,3.87
2026-04-23,2026-04,Makassar,25,2,0,73,0,98.394,29.64,0.01,64.7,4.29
2026-04-23,2026-04,Semarang,25,6,0,71,0,98.118,26.31,0.512,63.95,4.26
2026-04-23,2026-04,Yogyakarta,25,4,0,60,28,98.56,46.47,1.257,73.45,3.78
2026-04-23,2026-04,Denpasar,25,8,1,76,1350,98.187,26.23,0.01,69.24,4.06
2026-04-23,2026-04,Palembang,25,6,0,59,0,97.692,25.37,0.807,73.1,3.97
2026-04-23,2026-04,Balikpapan,25,6,0,61,0,98.798,22.25,0.546,74.2,3.8
2026-04-30,2026-04,Jakarta,25,5,0,68,0,98.281,25.02,0.345,79.83,4.13
2026-04-30,2026-04,Bandung,25,1,0,69,0,98.927,32.31,0.052,67.66,4.43
2026-04-30,2026-04,Surabaya,25,4,1,72,889,98.342,48.41,0.167,58.05,4.02
2026-04-30,2026-04,Medan,25,4,0,65,306,98.843,20.47,0.259,73.43,4.42
2026-04-30,2026-04,Makassar,25,2,0,74,0,98.557,30.33,0.08,65.35,3.9
2026-04-30,2026-04,Semarang,25,6,0,74,64,99.42,25.38,0.112,72.25,3.83
2026-04-30,2026-04,Yogyakarta,25,4,0,61,142,98.946,29.97,0.755,66.65,3.99
2026-04-30,2026-04,Denpasar,25,8,1,78,1037,97.912,31.89,0.308,76.31,3.78
2026-04-30,2026-04,Palembang,25,6,0,61,0,98.804,33.85,0.419,66.31,4.06
2026-04-30,2026-04,Balikpapan,25,6,0,64,0,99.32,28.71,0.758,63.45,4.09
2026-05-07,2026-05,Jakarta,25,5,0,71,64,98.201,29.83,0.639,70.58,4.14
2026-05-07,2026-05,Bandung,25,1,0,71,0,98.637,36.16,0.953,73.43,3.92
2026-05-07,2026-05,Surabaya,25,4,0,76,0,95.926,78.17,2.737,82.52,3.43
2026-05-07,2026-05,Medan,25,4,0,70,485,97.729,30.53,1.157,77.61,3.93
2026-05-07,2026-05,Makassar,25,3,0,82,39,98.772,45.02,0.756,70.24,4.19
2026-05-07,2026-05,Semarang,25,6,0,80,257,99.8,20.1,0.714,71.82,4.65
2026-05-07,2026-05,Yogyakarta,25,4,0,62,0,98.992,28.38,0.112,62.99,4.66
2026-05-07,2026-05,Denpasar,25,9,0,80,0,98.95,25.89,0.595,59.62,4.02
2026-05-07,2026-05,Palembang,25,6,0,63,0,98.868,29.7,0.198,66.19,3.77
2026-05-07,2026-05,Balikpapan,25,7,0,69,141,99.418,21.98,0.282,74.12,4.3
2026-05-14,2026-05,Jakarta,25,5,0,78,104,99.586,24.25,0.574,67.52,4.41
2026-05-14,2026-05,Bandung,25,1,0,77,29,99.8,42.71,0.504,72.28,4.61
2026-05-14,2026-05,Surabaya,25,4,0,80,0,95.735,82.39,2.186,83.22,3.75
2026-05-14,2026-05,Medan,25,4,0,77,190,98.551,19.64,0.668,75.37,4.16
2026-05-14,2026-05,Makassar,25,3,0,87,0,98.67,25.22,0.01,60.34,4.07
2026-05-14,2026-05,Semarang,25,7,0,84,216,99.036,43.74,0.438,75.67,3.91
2026-05-14,2026-05,Yogyakarta,25,4,0,67,121,98.181,12.2,0.437,51.33,4.51
2026-05-14,2026-05,Denpasar,25,9,0,86,182,99.068,36.32,0.551,54.86,3.9
2026-05-14,2026-05,Palembang,25,6,0,65,0,98.866,29.58,0.799,75.35,3.74
2026-05-14,2026-05,Balikpapan,25,7,0,74,589,98.431,24.28,0.01,71.58,4.21
2026-05-21,2026-05,Jakarta,25,5,0,84,0,99.547,24.41,0.554,66.67,4.57
2026-05-21,2026-05,Bandung,25,1,0,79,0,97.779,21.61,0.989,61.24,3.94
2026-05-21,2026-05,Surabaya,25,4,0,83,0,95.576,69.25,2.735,94.07,2.93
2026-05-21,2026-05,Medan,25,4,0,82,0,98.753,26.78,0.305,62.53,4.27
2026-05-21,2026-05,Makassar,25,6,0,97,157,97.986,31.41,0.976,65.37,3.87
2026-05-21,2026-05,Semarang,25,7,0,92,405,99.17,42.1,1.148,69.69,3.67
2026-05-21,2026-05,Yogyakarta,25,4,0,74,0,99.072,31.7,0.485,70.4,4.45
2026-05-21,2026-05,Denpasar,25,10,0,90,789,99.054,32.86,1.075,64.31,3.6
2026-05-21,2026-05,Palembang,25,7,0,70,0,98.366,27.99,1.101,62.98,3.98
2026-05-21,2026-05,Balikpapan,25,7,0,79,441,98.372,30.43,0.01,73.26,4.54
2026-05-28,2026-05,Jakarta,25,5,0,90,39,98.984,48.39,0.205,67.97,4.43
2026-05-28,2026-05,Bandung,25,1,0,82,0,98.952,46.61,0.212,77.39,4.08
2026-05-28,2026-05,Surabaya,25,4,0,86,301,99.489,26.61,1.299,68.96,4.34
2026-05-28,2026-05,Medan,25,4,0,84,0,98.921,21.12,0.786,68.58,4.19
2026-05-28,2026-05,Makassar,25,6,0,98,77,99.169,32.13,0.489,70.2,3.98
2026-05-28,2026-05,Semarang,25,8,0,95,18,99.67,27.39,0.462,70.64,4.15
2026-05-28,2026-05,Yogyakarta,25,4,0,75,195,97.874,37.16,0.896,57.34,4.17
2026-05-28,2026-05,Denpasar,25,11,0,95,908,98.885,27.94,0.855,60.98,4.0
2026-05-28,2026-05,Palembang,25,7,0,71,0,99.211,44.25,0.453,67.5,3.18
2026-05-28,2026-05,Balikpapan,25,7,0,81,44,98.19,29.52,0.314,63.67,4.29
2026-06-04,2026-06,Jakarta,25,5,0,92,0,98.462,24.4,0.357,65.97,4.41
2026-06-04,2026-06,Bandung,25,1,0,85,106,98.353,32.11,0.307,61.24,4.47
2026-06-04,2026-06,Surabaya,25,4,0,88,0,98.537,24.63,0.84,64.2,4.12
2026-06-04,2026-06,Medan,25,5,0,91,0,98.232,41.69,0.584,72.45,4.15
2026-06-04,2026-06,Makassar,25,7,0,98,22,98.761,38.14,0.084,72.76,4.45
2026-06-04,2026-06,Semarang,25,8,0,96,0,98.475,43.1,0.835,66.75,3.07
2026-06-04,2026-06,Yogyakarta,25,5,0,81,151,98.056,8.0,0.83,79.26,4.36
2026-06-04,2026-06,Denpasar,25,11,0,98,18,98.209,33.18,0.646,72.8,4.21
2026-06-04,2026-06,Palembang,25,7,0,75,80,98.309,29.3,0.959,62.11,3.94
2026-06-04,2026-06,Balikpapan,25,7,0,82,72,98.963,39.58,0.375,66.78,4.0
2026-06-11,2026-06,Jakarta,25,7,0,96,0,99.526,21.96,0.563,67.49,4.54
2026-06-11,2026-06,Bandung,25,1,0,92,0,98.272,22.22,0.375,60.84,3.65
2026-06-11,2026-06,Surabaya,25,4,0,91,32,98.782,34.06,0.652,73.39,3.43
2026-06-11,2026-06,Medan,25,5,0,99,0,99.026,38.42,0.59,81.42,3.75
2026-06-11,2026-06,Makassar,25,7,0,104,0,99.031,17.84,0.349,74.98,3.75
2026-06-11,2026-06,Semarang,25,9,0,100,47,99.019,45.23,0.344,66.78,4.22
2026-06-11,2026-06,Yogyakarta,25,5,0,83,0,98.337,40.82,0.679,70.57,3.77
2026-06-11,2026-06,Denpasar,25,11,0,100,0,99.035,21.14,0.652,53.54,4.36
2026-06-11,2026-06,Palembang,25,7,0,84,566,98.528,33.84,0.01,78.21,3.85
2026-06-11,2026-06,Balikpapan,25,7,0,85,0,98.735,21.6,1.025,74.71,4.14
2026-06-18,2026-06,Jakarta,25,8,0,98,0,98.357,35.67,0.777,64.68,4.1
2026-06-18,2026-06,Bandung,25,1,0,93,93,98.527,40.09,0.01,64.26,4.52
2026-06-18,2026-06,Surabaya,25,6,0,95,0,98.218,47.91,1.034,56.62,4.04
2026-06-18,2026-06,Medan,25,5,0,102,0,99.619,28.15,0.356,68.95,3.73
2026-06-18,2026-06,Makassar,25,7,0,107,0,98.68,34.32,0.659,60.63,4.55
2026-06-18,2026-06,Semarang,25,9,0,101,0,98.098,18.68,0.691,76.78,4.66
2026-06-18,2026-06,Yogyakarta,25,5,0,86,0,98.474,32.19,0.423,70.57,4.59
2026-06-18,2026-06,Denpasar,25,11,0,102,0,98.614,37.28,0.837,73.44,3.5
2026-06-18,2026-06,Palembang,25,7,0,88,0,98.896,38.89,0.474,62.25,4.07
2026-06-18,2026-06,Balikpapan,25,7,0,88,0,98.539,42.11,0.704,63.96,3.83
2026-06-25,2026-06,Jakarta,25,8,1,98,924,98.368,16.15,0.476,77.58,4.01
2026-06-25,2026-06,Bandung,25,1,0,99,6,98.995,34.52,0.01,67.68,4.4
2026-06-25,2026-06,Surabaya,25,6,0,97,0,99.254,34.33,0.909,64.49,3.87
2026-06-25,2026-06,Medan,25,5,0,106,0,98.543,21.18,0.632,73.32,3.75
2026-06-25,2026-06,Makassar,25,8,0,111,561,98.711,40.28,0.384,63.68,3.97
2026-06-25,2026-06,Semarang,25,9,0,103,0,98.331,30.17,0.683,67.66,4.16
2026-06-25,2026-06,Yogyakarta,25,5,1,90,912,99.219,32.92,0.769,53.31,3.91
2026-06-25,2026-06,Denpasar,25,11,0,106,0,99.024,32.78,0.387,66.13,3.82
2026-06-25,2026-06,Palembang,25,8,0,94,320,98.371,19.26,0.568,69.78,4.43
2026-06-25,2026-06,Balikpapan,25,7,0,91,426,99.171,25.93,0.156,71.85,4.68
2026-07-02,2026-07,Jakarta,25,8,0,101,0,98.205,26.14,0.859,62.01,4.05
2026-07-02,2026-07,Bandung,25,1,0,101,0,98.918,31.65,0.411,76.03,3.97
2026-07-02,2026-07,Surabaya,25,6,0,101,94,98.727,40.64,0.863,80.78,3.95
2026-07-02,2026-07,Medan,25,5,0,116,946,98.98,42.28,0.301,71.74,3.94
2026-07-02,2026-07,Makassar,25,9,0,116,0,99.139,38.79,0.829,78.24,3.8
2026-07-02,2026-07,Semarang,25,9,0,105,0,99.021,25.32,0.494,70.67,3.95
2026-07-02,2026-07,Yogyakarta,25,5,0,94,2,99.247,28.96,0.656,82.05,4.09
2026-07-02,2026-07,Denpasar,25,11,0,111,0,99.028,35.92,0.38,79.74,4.17
2026-07-02,2026-07,Palembang,25,8,0,100,193,98.637,39.99,0.522,63.79,3.7
2026-07-02,2026-07,Balikpapan,25,7,0,91,0,98.568,40.5,1.174,74.99,4.02
2026-07-09,2026-07,Jakarta,25,8,0,105,230,98.504,31.25,0.714,69.15,3.98
2026-07-09,2026-07,Bandung,25,2,0,101,0,99.42,33.13,0.273,73.44,4.39
2026-07-09,2026-07,Surabaya,25,8,0,107,98,99.24,28.48,1.313,59.06,4.13
2026-07-09,2026-07,Medan,25,5,0,123,470,96.091,64.31,2.177,89.04,3.71
2026-07-09,2026-07,Makassar,25,9,0,122,0,98.225,20.12,0.227,64.08,4.15
2026-07-09,2026-07,Semarang,25,9,0,108,179,98.67,25.36,0.01,98,4.51
2026-07-09,2026-07,Yogyakarta,25,5,0,101,0,98.783,34.55,0.736,60.33,4.23
2026-07-09,2026-07,Denpasar,25,11,0,113,0,99.152,44.24,0.166,70.45,3.66
2026-07-09,2026-07,Palembang,25,8,0,104,85,97.784,42.87,0.747,72.18,4.32
2026-07-09,2026-07,Balikpapan,25,7,0,96,0,97.675,38.27,0.815,79.09,4.11
2026-07-16,2026-07,Jakarta,25,8,0,107,0,98.662,31.96,0.704,65.0,3.81
2026-07-16,2026-07,Bandung,25,2,0,102,0,98.524,37.77,0.976,60.49,4.24
2026-07-16,2026-07,Surabaya,25,8,0,111,0,99.166,31.53,0.321,65.94,3.74
2026-07-16,2026-07,Medan,25,5,0,125,0,96.002,58.39,2.166,85.75,3.32
2026-07-16,2026-07,Makassar,25,9,0,125,0,99.361,33.91,0.969,81.45,4.59
2026-07-16,2026-07,Semarang,25,9,0,108,0,98.074,28.11,0.439,75.01,3.96
2026-07-16,2026-07,Yogyakarta,25,5,0,106,0,98.049,39.02,0.864,66.33,3.85
2026-07-16,2026-07,Denpasar,25,12,0,113,0,98.755,25.98,0.537,70.48,4.45
2026-07-16,2026-07,Palembang,25,8,0,108,0,98.554,18.11,0.134,64.01,4.07
2026-07-16,2026-07,Balikpapan,25,7,0,98,390,99.29,51.66,0.999,63.73,4.48
2026-07-23,2026-07,Jakarta,25,8,0,109,22,98.42,36.67,0.346,66.69,4.19
2026-07-23,2026-07,Bandung,25,2,0,106,2,98.349,40.16,0.285,72.18,4.09
2026-07-23,2026-07,Surabaya,25,8,0,116,0,99.49,45.2,0.311,54.34,4.3
2026-07-23,2026-07,Medan,25,5,1,129,825,95.6,63.91,2.318,74.9,2.93
2026-07-23,2026-07,Makassar,25,9,0,128,0,98.859,38.77,0.205,61.97,4.11
2026-07-23,2026-07,Semarang,25,9,0,111,0,98.486,35.75,0.358,68.13,4.3
2026-07-23,2026-07,Yogyakarta,25,5,0,112,210,98.737,23.08,0.14,62.83,4.48
2026-07-23,2026-07,Denpasar,25,12,0,116,13,98.406,34.71,0.244,87.16,3.88
2026-07-23,2026-07,Palembang,25,8,0,112,0,98.768,26.78,0.942,71.34,4.13
2026-07-23,2026-07,Balikpapan,25,7,0,106,0,98.793,39.23,0.261,67.44,4.75
2026-07-30,2026-07,Jakarta,25,8,0,110,0,99.011,38.03,0.059,73.01,4.17
2026-07-30,2026-07,Bandung,25,2,0,108,0,99.8,36.06,0.01,66.6,4.76
2026-07-30,2026-07,Surabaya,25,8,0,121,0,98.104,29.34,0.496,71.65,3.68
2026-07-30,2026-07,Medan,25,5,0,134,303,98.753,23.84,0.611,67.82,4.25
2026-07-30,2026-07,Makassar,25,9,0,131,520,99.056,39.36,0.364,70.99,4.26
2026-07-30,2026-07,Semarang,25,9,0,113,0,98.402,28.18,0.304,74.72,4.36
2026-07-30,2026-07,Yogyakarta,25,6,0,117,109,99.317,18.45,0.439,75.64,4.29
2026-07-30,2026-07,Denpasar,25,12,0,121,339,98.866,32.82,0.911,59.3,4.22
2026-07-30,2026-07,Palembang,25,8,0,114,0,98.693,50.18,0.567,66.61,4.24
2026-07-30,2026-07,Balikpapan,25,7,0,111,0,98.16,14.58,0.778,64.37,3.7
2026-08-06,2026-08,Jakarta,25,9,0,113,0,99.111,28.51,0.444,65.61,3.94
2026-08-06,2026-08,Bandung,25,2,0,110,0,97.994,34.73,0.379,66.03,4.17
2026-08-06,2026-08,Surabaya,25,8,0,124,31,98.837,41.17,0.996,67.04,4.07
2026-08-06,2026-08,Medan,25,6,0,140,0,98.866,26.25,0.548,81.74,4.09
2026-08-06,2026-08,Makassar,25,9,0,135,0,98.807,34.99,0.01,63.4,4.3
2026-08-06,2026-08,Semarang,25,10,0,122,35,98.679,28.1,0.531,63.57,4.91
2026-08-06,2026-08,Yogyakarta,25,7,0,120,0,98.846,29.17,0.695,54.01,4.74
2026-08-06,2026-08,Denpasar,25,12,0,124,0,98.0,38.78,0.406,78.72,4.37
2026-08-06,2026-08,Palembang,25,9,0,119,0,98.709,23.82,0.849,79.37,4.39
2026-08-06,2026-08,Balikpapan,25,8,0,116,315,98.57,37.01,0.306,60.59,3.98
2026-08-13,2026-08,Jakarta,25,9,0,117,235,98.261,23.65,0.683,62.21,3.46
2026-08-13,2026-08,Bandung,25,2,0,115,33,98.177,40.65,0.46,63.0,3.63
2026-08-13,2026-08,Surabaya,25,8,0,126,107,98.333,28.92,0.441,72.63,3.79
2026-08-13,2026-08,Medan,25,7,0,146,410,98.605,14.16,0.01,71.66,3.18
2026-08-13,2026-08,Makassar,25,9,0,139,0,98.522,17.21,0.627,70.74,3.55
2026-08-13,2026-08,Semarang,25,10,0,124,400,99.025,18.58,0.861,63.46,4.31
2026-08-13,2026-08,Yogyakarta,25,7,0,122,0,98.434,25.34,0.611,77.75,3.49
2026-08-13,2026-08,Denpasar,25,12,0,129,0,98.277,32.3,0.224,76.5,4.15
2026-08-13,2026-08,Palembang,25,9,0,120,127,98.648,38.59,0.361,68.97,4.28
2026-08-13,2026-08,Balikpapan,25,8,0,122,227,98.756,38.63,0.807,65.77,5
2026-08-20,2026-08,Jakarta,25,10,0,125,0,99.342,21.28,0.855,75.24,4.08
2026-08-20,2026-08,Bandung,25,2,0,123,57,99.002,28.2,1.022,62.07,3.92
2026-08-20,2026-08,Surabaya,25,8,0,132,0,99.325,38.23,0.368,67.44,3.68
2026-08-20,2026-08,Medan,25,7,0,155,30,99.282,22.64,0.869,59.94,4.44
2026-08-20,2026-08,Makassar,25,9,0,142,268,98.355,31.57,0.01,67.59,4.21
2026-08-20,2026-08,Semarang,25,10,0,135,0,99.082,14.03,0.828,67.94,3.94
2026-08-20,2026-08,Yogyakarta,25,7,0,126,0,98.762,29.4,0.013,76.33,4.15
2026-08-20,2026-08,Denpasar,25,12,0,131,0,99.252,41.61,0.404,63.06,4.9
2026-08-20,2026-08,Palembang,25,10,0,126,19,98.946,29.27,0.468,65.38,4.28
2026-08-20,2026-08,Balikpapan,25,9,0,125,4,98.469,20.83,0.459,69.74,4.19
2026-08-27,2026-08,Jakarta,25,10,0,129,0,99.095,29.51,0.428,72.58,3.87
2026-08-27,2026-08,Bandung,25,2,0,130,8,98.732,42.63,0.247,71.71,4.39
2026-08-27,2026-08,Surabaya,25,9,0,135,46,99.373,18.61,0.423,66.64,3.81
2026-08-27,2026-08,Medan,25,7,0,158,180,98.817,34.46,0.22,71.83,4.09
2026-08-27,2026-08,Makassar,25,9,0,148,21,98.954,35.06,0.426,72.29,4.26
2026-08-27,2026-08,Semarang,25,10,1,140,599,98.258,27.07,0.782,67.39,3.61
2026-08-27,2026-08,Yogyakarta,25,7,0,126,0,99.029,22.02,0.957,68.23,4.66
2026-08-27,2026-08,Denpasar,25,12,0,136,40,98.811,24.8,0.737,69.53,3.62
2026-08-27,2026-08,Palembang,25,10,0,128,0,98.787,21.18,0.199,55.46,3.7
2026-08-27,2026-08,Balikpapan,25,9,0,130,0,98.182,37.41,0.355,64.46,4.45
2026-09-03,2026-09,Jakarta,25,10,0,134,0,98.496,19.87,0.589,75.57,3.94
2026-09-03,2026-09,Bandung,25,3,0,134,126,99.359,27.53,0.187,60.66,4.16
2026-09-03,2026-09,Surabaya,25,10,0,140,0,98.72,20.91,0.741,77.82,4.24
2026-09-03,2026-09,Medan,25,7,0,160,0,98.133,40.04,0.492,73.81,4.15
2026-09-03,2026-09,Makassar,25,9,0,157,189,98.66,37.86,0.58,67.5,3.78
2026-09-03,2026-09,Semarang,25,11,0,144,574,98.455,38.87,0.01,71.67,4.42
2026-09-03,2026-09,Yogyakarta,25,7,0,129,127,98.136,31.72,0.01,77.01,4.4
2026-09-03,2026-09,Denpasar,25,13,0,141,169,98.932,14.13,0.586,66.01,4.24
2026-09-03,2026-09,Palembang,25,10,0,130,0,99.443,52.39,0.429,73.07,4.67
2026-09-03,2026-09,Balikpapan,25,10,0,133,0,98.44,33.89,0.01,62.72,4.02
2026-09-10,2026-09,Jakarta,25,10,0,137,452,99.052,43.06,0.292,56.61,4.18
2026-09-10,2026-09,Bandung,25,3,0,135,0,99.04,28.85,0.815,55.09,4.33
2026-09-10,2026-09,Surabaya,25,10,0,143,0,98.671,30.33,0.131,64.08,4.13
2026-09-10,2026-09,Medan,25,7,0,162,0,98.123,24.87,0.85,73.59,4.15
2026-09-10,2026-09,Makassar,25,9,0,159,17,95.43,77.44,2.217,85.17,2.75
2026-09-10,2026-09,Semarang,25,11,0,145,0,98.314,28.94,0.164,71.84,3.75
2026-09-10,2026-09,Yogyakarta,25,7,0,134,316,99.269,47.8,0.641,73.0,3.83
2026-09-10,2026-09,Denpasar,25,13,0,144,0,99.071,32.15,0.296,59.67,3.93
2026-09-10,2026-09,Palembang,25,10,0,135,0,98.66,43.63,0.491,54.77,3.79
2026-09-10,2026-09,Balikpapan,25,11,0,136,0,98.462,22.07,0.7,58.47,4.75
2026-09-17,2026-09,Jakarta,25,12,0,144,42,98.909,33.59,0.652,70.18,3.78
2026-09-17,2026-09,Bandung,25,3,0,137,0,98.711,32.11,0.01,71.48,3.5
2026-09-17,2026-09,Surabaya,25,10,0,147,66,99.249,38.84,0.314,64.16,4.48
2026-09-17,2026-09,Medan,25,7,0,168,0,98.669,27.89,0.934,68.49,4.15
2026-09-17,2026-09,Makassar,25,10,0,162,407,96.731,58.37,2.0,77.77,2.93
2026-09-17,2026-09,Semarang,25,11,0,148,0,98.188,34.68,0.217,52.48,4.41
2026-09-17,2026-09,Yogyakarta,25,7,0,138,60,99.164,37.67,0.231,66.76,4.37
2026-09-17,2026-09,Denpasar,25,14,0,144,0,99.322,40.76,0.705,62.32,3.86
2026-09-17,2026-09,Palembang,25,11,0,138,0,98.644,31.84,0.887,71.27,4.59
2026-09-17,2026-09,Balikpapan,25,12,0,141,0,98.206,21.43,0.286,72.02,4.19
2026-09-24,2026-09,Jakarta,25,12,0,150,0,98.782,37.35,1.152,63.13,3.93
2026-09-24,2026-09,Bandung,25,3,0,138,629,99.221,27.83,0.663,67.4,4.52
2026-09-24,2026-09,Surabaya,25,10,0,150,0,98.485,8.0,0.01,67.57,4.77
2026-09-24,2026-09,Medan,25,8,0,173,498,98.118,24.58,0.158,64.4,4.14
2026-09-24,2026-09,Makassar,25,10,0,162,25,98.902,22.76,0.715,64.43,3.99
2026-09-24,2026-09,Semarang,25,12,0,153,99,98.182,49.45,0.553,68.53,3.74
2026-09-24,2026-09,Yogyakarta,25,7,0,143,1,98.837,19.02,0.01,61.02,4.0
2026-09-24,2026-09,Denpasar,25,15,0,150,0,98.524,22.98,0.373,62.99,3.97
2026-09-24,2026-09,Palembang,25,12,0,142,0,98.765,37.17,0.377,61.73,4.67
2026-09-24,2026-09,Balikpapan,25,12,0,142,0,99.159,30.55,0.762,85.39,3.72
2026-10-01,2026-10,Jakarta,25,12,0,153,604,98.875,42.26,0.01,75.18,4.36
2026-10-01,2026-10,Bandung,25,3,0,144,134,98.512,44.59,0.214,59.62,3.76
2026-10-01,2026-10,Surabaya,25,10,0,153,27,98.675,13.69,0.253,65.33,4.2
2026-10-01,2026-10,Medan,25,8,0,177,0,98.908,39.3,0.151,65.7,3.92
2026-10-01,2026-10,Makassar,25,10,0,168,122,98.047,18.37,0.546,74.95,4.76
2026-10-01,2026-10,Semarang,25,12,0,155,155,98.404,38.94,0.962,70.95,3.73
2026-10-01,2026-10,Yogyakarta,25,8,0,145,0,98.841,10.19,1.006,57.88,3.91
2026-10-01,2026-10,Denpasar,25,16,0,153,0,97.562,19.22,0.01,75.63,4.59
2026-10-01,2026-10,Palembang,25,12,0,146,0,97.672,37.48,0.433,73.41,4.69
2026-10-01,2026-10,Balikpapan,25,12,0,145,0,98.957,30.7,0.875,69.42,4.74
2026-10-08,2026-10,Jakarta,25,12,1,156,1314,98.265,35.24,0.01,81.62,3.84
2026-10-08,2026-10,Bandung,25,3,0,146,110,98.81,29.19,0.01,84.35,4.0
2026-10-08,2026-10,Surabaya,25,10,0,161,0,98.135,50.97,0.551,67.11,4.22
2026-10-08,2026-10,Medan,25,8,0,180,687,98.689,27.01,0.642,77.42,3.49
2026-10-08,2026-10,Makassar,25,10,0,172,157,98.524,40.31,0.947,71.11,3.82
2026-10-08,2026-10,Semarang,25,13,0,159,0,98.641,23.92,0.657,78.02,3.74
2026-10-08,2026-10,Yogyakarta,25,8,0,149,103,98.627,29.37,0.4,76.2,4.69
2026-10-08,2026-10,Denpasar,25,17,0,156,94,98.396,39.96,0.561,74.03,4.27
2026-10-08,2026-10,Palembang,25,12,0,148,254,99.462,45.95,0.421,68.4,3.64
2026-10-08,2026-10,Balikpapan,25,12,0,151,0,98.279,27.35,0.027,72.56,4.04
2026-10-15,2026-10,Jakarta,25,12,0,162,60,98.204,17.09,0.558,79.22,4.11
2026-10-15,2026-10,Bandung,25,3,0,149,0,98.35,31.12,0.01,75.2,4.13
2026-10-15,2026-10,Surabaya,25,10,0,161,0,98.787,17.0,0.841,62.66,3.95
2026-10-15,2026-10,Medan,25,8,0,186,0,99.108,34.87,0.922,66.97,4.41
2026-10-15,2026-10,Makassar,25,10,2,178,1605,98.398,30.85,1.023,76.76,4.72
2026-10-15,2026-10,Semarang,25,13,0,161,0,97.918,8.03,1.245,72.11,4.24
2026-10-15,2026-10,Yogyakarta,25,8,0,153,0,99.39,24.51,0.852,67.15,4.63
2026-10-15,2026-10,Denpasar,25,17,0,160,0,99.043,36.33,0.066,69.35,4.15
2026-10-15,2026-10,Palembang,25,13,0,152,509,98.747,22.07,0.169,66.26,4.21
2026-10-15,2026-10,Balikpapan,25,12,0,153,158,99.157,32.14,0.225,72.57,4.14
2026-10-22,2026-10,Jakarta,25,12,0,166,202,98.416,34.08,0.418,62.52,4.18
2026-10-22,2026-10,Bandung,25,4,0,151,0,98.841,27.36,0.217,85.16,4.49
2026-10-22,2026-10,Surabaya,25,10,0,165,0,98.465,41.71,0.169,67.06,4.09
2026-10-22,2026-10,Medan,25,8,0,190,0,98.954,45.05,0.997,61.39,4.44
2026-10-22,2026-10,Makassar,25,10,0,183,26,99.083,27.03,0.01,62.68,4.06
2026-10-22,2026-10,Semarang,25,13,0,166,13,98.746,34.58,0.665,55.39,4.87
2026-10-22,2026-10,Yogyakarta,25,8,0,156,0,99.203,39.08,0.428,60.35,4.24
2026-10-22,2026-10,Denpasar,25,17,0,165,0,99.187,33.68,0.659,69.67,4.25
2026-10-22,2026-10,Palembang,25,13,0,154,0,98.67,30.9,0.402,68.09,4.39
2026-10-22,2026-10,Balikpapan,25,12,0,157,0,98.016,12.25,0.866,65.43,4.31
2026-10-29,2026-10,Jakarta,25,13,0,171,57,98.117,19.58,0.319,73.25,4.08
2026-10-29,2026-10,Bandung,25,4,0,156,135,99.541,24.38,0.318,63.17,4.53
2026-10-29,2026-10,Surabaya,25,12,0,171,295,98.894,32.83,0.623,67.4,3.91
2026-10-29,2026-10,Medan,25,8,1,193,604,98.692,41.66,0.559,60.28,4.01
2026-10-29,2026-10,Makassar,25,11,0,188,174,99.498,49.2,0.01,78.96,3.77
2026-10-29,2026-10,Semarang,25,13,0,171,0,98.517,26.39,0.497,82.07,4.22
2026-10-29,2026-10,Yogyakarta,25,9,0,158,0,98.278,21.77,0.075,61.35,4.59
2026-10-29,2026-10,Denpasar,25,17,0,169,0,98.326,32.69,0.204,65.74,4.2
2026-10-29,2026-10,Palembang,25,13,0,158,0,98.13,23.17,0.33,61.22,4.5
2026-10-29,2026-10,Balikpapan,25,12,0,162,204,98.777,21.07,0.842,61.58,3.83
2026-11-05,2026-11,Jakarta,25,14,0,174,205,98.259,31.46,0.408,62.68,4.86
2026-11-05,2026-11,Bandung,25,4,0,158,39,98.446,39.02,0.925,63.04,4.65
2026-11-05,2026-11,Surabaya,25,13,0,176,0,98.647,30.07,0.648,67.24,4.41
2026-11-05,2026-11,Medan,25,9,0,198,0,97.886,34.93,0.497,56.99,4.17
2026-11-05,2026-11,Makassar,25,12,0,193,202,98.498,37.99,0.634,63.79,4.02
2026-11-05,2026-11,Semarang,25,13,0,176,0,98.833,49.29,0.695,64.39,4.96
2026-11-05,2026-11,Yogyakarta,25,9,0,163,26,98.798,36.59,1.278,73.38,4.76
2026-11-05,2026-11,Denpasar,25,17,0,175,0,97.54,29.59,1.129,72.79,4.81
2026-11-05,2026-11,Palembang,25,13,0,163,201,98.421,33.13,0.231,56.4,3.93
2026-11-05,2026-11,Balikpapan,25,12,0,164,61,98.78,11.62,0.435,64.5,3.93
2026-11-12,2026-11,Jakarta,25,14,0,175,454,97.706,24.23,0.625,72.79,3.68
2026-11-12,2026-11,Bandung,25,4,0,160,0,98.918,29.63,0.576,74.58,3.88
2026-11-12,2026-11,Surabaya,25,13,0,180,0,98.584,28.46,1.507,68.68,3.95
2026-11-12,2026-11,Medan,25,9,0,201,0,99.007,29.68,0.01,81.34,4.3
2026-11-12,2026-11,Makassar,25,12,0,194,0,99.399,33.39,0.501,68.47,4.08
2026-11-12,2026-11,Semarang,25,13,0,177,0,98.48,32.6,0.384,55.25,4.97
2026-11-12,2026-11,Yogyakarta,25,9,0,164,0,98.134,31.55,0.25,66.62,4.31
2026-11-12,2026-11,Denpasar,25,18,0,181,183,98.65,46.01,0.01,76.77,4.06
2026-11-12,2026-11,Palembang,25,13,0,168,439,98.283,31.75,0.071,64.74,3.99
2026-11-12,2026-11,Balikpapan,25,12,0,165,0,95.18,94.14,2.246,81.57,3.15
2026-11-19,2026-11,Jakarta,25,14,0,178,0,99.323,40.52,0.496,63.52,4.16
2026-11-19,2026-11,Bandung,25,4,0,167,41,98.544,36.64,0.176,66.04,3.99
2026-11-19,2026-11,Surabaya,25,14,0,183,19,99.152,36.31,0.273,67.51,3.88
2026-11-19,2026-11,Medan,25,9,0,206,27,99.578,36.89,0.53,68.06,4.22
2026-11-19,2026-11,Makassar,25,13,0,198,0,98.949,41.48,1.175,70.88,3.85
2026-11-19,2026-11,Semarang,25,13,0,182,103,98.24,36.51,0.438,78.69,3.78
2026-11-19,2026-11,Yogyakarta,25,9,0,168,0,99.678,22.94,0.55,58.04,4.28
2026-11-19,2026-11,Denpasar,25,19,0,183,0,98.534,29.19,0.434,60.86,4.1
2026-11-19,2026-11,Palembang,25,14,0,176,0,98.259,50.12,0.869,61.51,3.75
2026-11-19,2026-11,Balikpapan,25,12,0,170,0,95.901,75.25,1.611,81.74,2.9
2026-11-26,2026-11,Jakarta,25,14,0,180,0,98.647,34.29,0.533,61.61,3.77
2026-11-26,2026-11,Bandung,25,4,0,170,0,98.744,39.97,0.193,74.04,3.38
2026-11-26,2026-11,Surabaya,25,15,0,188,47,98.121,19.13,0.773,66.6,3.67
2026-11-26,2026-11,Medan,25,9,0,212,0,98.707,37.91,0.446,70.44,4.87
2026-11-26,2026-11,Makassar,25,13,0,206,0,98.456,38.14,0.597,59.14,4.31
2026-11-26,2026-11,Semarang,25,13,0,186,0,97.694,22.98,0.79,63.71,4.56
2026-11-26,2026-11,Yogyakarta,25,9,0,173,0,98.893,41.24,0.369,67.66,3.91
2026-11-26,2026-11,Denpasar,25,20,0,185,0,99.128,29.17,0.584,58.81,4.14
2026-11-26,2026-11,Palembang,25,14,0,179,0,98.301,38.41,0.957,58.55,4.03
2026-11-26,2026-11,Balikpapan,25,12,0,174,109,96.569,79.21,2.716,84.93,3.06
2026-12-03,2026-12,Jakarta,25,14,0,191,0,99.021,35.98,0.079,62.81,4.3
2026-12-03,2026-12,Bandung,25,4,0,172,41,98.651,36.63,0.237,66.26,3.95
2026-12-03,2026-12,Surabaya,25,15,0,195,0,98.436,19.53,0.612,69.08,3.49
2026-12-03,2026-12,Medan,25,9,0,215,0,99.128,30.14,0.414,64.36,4.35
2026-12-03,2026-12,Makassar,25,14,0,211,189,98.646,33.54,0.455,67.55,3.57
2026-12-03,2026-12,Semarang,25,13,0,189,0,99.124,45.83,0.078,60.03,4.29
2026-12-03,2026-12,Yogyakarta,25,9,0,175,0,99.525,33.59,0.736,71.63,4.42
2026-12-03,2026-12,Denpasar,25,20,0,190,0,99.165,23.07,0.096,76.37,4.24
2026-12-03,2026-12,Palembang,25,15,0,184,0,99.209,22.34,0.783,59.02,4.65
2026-12-03,2026-12,Balikpapan,25,12,1,175,592,98.656,31.6,0.151,67.83,3.96
2026-12-10,2026-12,Jakarta,25,14,0,193,51,99.186,38.38,0.847,66.05,4.14
2026-12-10,2026-12,Bandung,25,5,0,178,263,97.388,34.7,1.26,72.81,4.33
2026-12-10,2026-12,Surabaya,25,15,1,198,194,98.394,42.53,0.02,69.14,4.95
2026-12-10,2026-12,Medan,25,9,0,220,270,98.744,44.1,0.668,63.99,4.26
2026-12-10,2026-12,Makassar,25,14,0,212,0,99.629,36.3,0.134,75.18,4.3
2026-12-10,2026-12,Semarang,25,13,0,193,192,98.063,34.19,0.394,72.17,4.42
2026-12-10,2026-12,Yogyakarta,25,9,0,181,293,98.791,29.48,0.659,63.54,4.29
2026-12-10,2026-12,Denpasar,25,21,0,197,98,99.193,35.2,0.884,62.46,4.27
2026-12-10,2026-12,Palembang,25,15,0,187,141,99.206,43.69,0.387,78.95,3.68
2026-12-10,2026-12,Balikpapan,25,12,0,178,0,99.209,22.38,0.926,77.96,3.72
2026-12-17,2026-12,Jakarta,25,15,0,197,0,98.968,29.24,0.822,65.82,4.22
2026-12-17,2026-12,Bandung,25,5,0,178,0,98.307,33.4,0.819,53.57,4.29
2026-12-17,2026-12,Surabaya,25,18,0,205,465,98.503,29.49,0.488,63.38,4.22
2026-12-17,2026-12,Medan,25,10,0,222,78,98.508,30.87,0.618,54.65,4.53
2026-12-17,2026-12,Makassar,25,15,0,214,0,98.955,23.49,0.979,58.26,4.23
2026-12-17,2026-12,Semarang,25,13,0,196,0,98.705,34.16,0.549,74.29,4.28
2026-12-17,2026-12,Yogyakarta,25,9,0,185,0,98.986,21.35,1.007,72.66,4.17
2026-12-17,2026-12,Denpasar,25,21,0,201,25,98.509,62.05,0.947,66.99,4.17
2026-12-17,2026-12,Palembang,25,15,0,192,0,98.097,26.16,0.312,74.85,4.67
2026-12-17,2026-12,Balikpapan,25,13,0,180,132,99.058,49.27,0.654,71.25,4.56
2026-12-24,2026-12,Jakarta,25,15,0,203,0,99.107,18.48,0.849,71.02,4.06
2026-12-24,2026-12,Bandung,25,5,0,181,235,98.945,32.81,0.22,62.32,3.68
2026-12-24,2026-12,Surabaya,25,18,0,210,0,98.829,34.74,0.532,64.72,4.03
2026-12-24,2026-12,Medan,25,10,0,229,0,98.701,32.6,0.098,81.06,4.7
2026-12-24,2026-12,Makassar,25,15,0,217,0,98.759,23.43,0.01,75.25,4.36
2026-12-24,2026-12,Semarang,25,14,0,200,0,98.83,27.97,0.752,59.55,4.22
2026-12-24,2026-12,Yogyakarta,25,9,1,188,751,98.502,34.12,0.127,66.6,4.05
2026-12-24,2026-12,Denpasar,25,22,0,203,0,98.778,31.19,0.4,73.06,4.15
2026-12-24,2026-12,Palembang,25,16,0,194,0,98.37,13.19,0.607,69.24,3.67
2026-12-24,2026-12,Balikpapan,25,14,0,185,165,98.716,21.68,0.687,66.53,4.94
2026-12-31,2026-12,Jakarta,25,15,0,205,0,98.908,30.99,1.046,72.23,3.92
2026-12-31,2026-12,Bandung,25,5,0,188,19,99.351,34.07,0.546,63.94,4.26
2026-12-31,2026-12,Surabaya,25,18,0,213,0,97.648,34.74,0.567,68.27,4.51
2026-12-31,2026-12,Medan,25,10,0,232,0,98.637,18.51,0.295,47.04,3.85
2026-12-31,2026-12,Makassar,25,15,0,222,47,98.125,32.67,0.506,74.3,4.06
2026-12-31,2026-12,Semarang,25,14,0,203,0,99.234,31.98,0.226,81.73,4.98
2026-12-31,2026-12,Yogyakarta,25,9,0,192,11,98.801,25.61,0.056,58.49,4.24
2026-12-31,2026-12,Denpasar,25,23,0,206,0,98.834,35.9,0.159,61.99,4.42
2026-12-31,2026-12,Palembang,25,16,0,199,0,98.06,54.76,0.522,73.18,3.79
2026-12-31,2026-12,Balikpapan,25,14,0,188,0,98.995,43.04,0.743,62.71,4.29
